Mois;Année;Mensualité;Intérêts;Capital remboursé;Capital restant;Total intérêts cumulés;Total capital remboursé
1;0,08;921,56;250,00;671,56;199328,44;250,00;671,56
2;0,17;921,56;249,16;672,40;198656,04;499,16;1343,96
3;0,25;921,56;248,32;673,24;197982,80;747,48;2017,20
4;0,33;921,56;247,48;674,08;197308,72;994,96;2691,28
5;0,42;921,56;246,64;674,93;196633,79;1241,60;3366,21
6;0,50;921,56;245,79;675,77;195958,02;1487,39;4041,98
7;0,58;921,56;244,95;676,61;195281,41;1732,34;4718,59
8;0,67;921,56;244,10;677,46;194603,95;1976,44;5396,05
9;0,75;921,56;243,25;678,31;193925,64;2219,69;6074,36
10;0,83;921,56;242,41;679,16;193246,48;2462,10;6753,52
11;0,92;921,56;241,56;680,01;192566,47;2703,66;7433,53
12;1,00;921,56;240,71;680,86;191885,61;2944,37;8114,39
